{
    "data": [
      {
        "id": 1,
        "origin": {
          "lat": -6.275612906497911,
          "lng": 106.77714380309227
        },
        "destination": {
          "lat": -6.243504848215265,
          "lng": 106.78346129187901
        },
        "total_point": 50,
        "penalties": [
          {
            "id": 1,
            "coordinate": {
              "lat": -6.273060002979778,
              "lng": 106.78068575228505
            },
            "type": "brake",
            "note": "traffic accident",
            "date_time": "2024-02-10T01:10:20.000000Z"
          },
          {
            "id": 2,
            "coordinate": {
              "lat": -6.256298503783257,
              "lng": 106.78195951503106
            },
            "type": "over_speed",
            "note": null,
            "date_time": "024-02-10T01:10:40.000000Z"
          }
        ],
        "created_at": "024-02-10T01:11:00.000000Z"
      },
      {
        "id": 2,
        "origin": {
          "lat": -6.183458137253193,
          "lng": 106.83139364466439
        },
        "destination": {
          "lat": -6.188826527050936,
          "lng": 106.7965281432920
        },
        "total_point": 20,
        "penalties": [
          {
            "id": 1,
            "coordinate": {
              "lat": -6.189384266333075,
              "lng": 106.8027480268914
            },
            "type": "acceleration",
            "note": "accelerate above 60km",
            "date_time": "2024-02-10T01:14:12.000000Z"
          }
        ],
        "created_at": "2024-02-10T01:14:30.000000Z"
      },
      {
        "id": 3,
        "origin": {
          "lat": -6.170677763213779,
          "lng": 106.87085707381247
        },
        "destination": {
          "lat": -6.194193205566982,
          "lng": 106.84040132131821
        },
        "total_point": 30,
        "penalties": [
        ],
        "created_at": "2024-02-10T01:14:30.000000Z"
      },
      {
        "id": 4,
        "origin": {
          "lat": -6.1526471262610185,
          "lng": 106.8497111160094
        },
        "destination": {
          "lat": -6.147808768029693,
          "lng": 106.8386187757191
        },
        "total_point": 40,
        "penalties": [],
        "created_at": "2024-02-15T01:11:00.000000Z"
      }
    ]
  }