{
    "data": [
      {
        "id": 1,
        "origin": {
          "lat": -6.921829420243262,
          "lng": 107.60709138861435
        },
        "destination": {
          "lat": -6.9286347587003485,
          "lng": 107.6127884229171
        },
        "total_point": 50,
        "penalties": [],
        "created_at": "024-03-10T01:11:00.000000Z"
      },
      {
        "id": 2,
        "origin": {
          "lat": -6.936720316946977,
          "lng": 107.59336481878432
        },
        "destination": {
          "lat": -6.916313896039367,
          "lng": 107.60890017239933
        },
        "total_point": 20,
        "penalties": [],
        "created_at": "2024-03-10T01:14:30.000000Z"
      },
      {
        "id": 3,
        "origin": {
          "lat": -6.936129242825121,
          "lng": 107.62409037013927
        },
        "destination": {
          "lat": -6.93401111474063,
          "lng": 107.60488861307793
        },
        "total_point": 30,
        "penalties": [],
        "created_at": "2024-03-10T01:14:30.000000Z"
      },
      {
        "id": 4,
        "origin": {
          "lat": -6.941859219829607,
          "lng": 107.59159768051016
        },
        "destination": {
          "lat": -6.928279946508039,
          "lng": 107.58200555451555
        },
        "total_point": 40,
        "penalties": [],
        "created_at": "2024-03-15T01:11:00.000000Z"
      }
    ]
  }