{
    "data": [
      {
        "id": 1,
        "origin": {
          "lat": -8.672782857572567,
          "lng": 115.24415558888278
        },
        "destination": {
          "lat": -8.67254704407627,
          "lng": 115.23578949639271
        },
        "total_point": 10,
        "penalties": [],
        "created_at": "2024-06-10T01:11:00.000000Z"
      },
      {
        "id": 2,
        "origin": {
          "lat": -8.66565794757329,
          "lng": 115.21616669632135
        },
        "destination": {
          "lat": -8.69420918242076,
          "lng": 115.21844120938788
        },
        "total_point": 20,
        "penalties": [
          {
            "id": 1,
            "coordinate": {
              "lat": -8.67814314205747,
              "lng": 115.20673916566344
            },
            "type": "acceleration",
            "note": "accelerate above 60km",
            "date_time": "2024-06-10T01:14:12.000000Z"
          }
        ],
        "created_at": "2024-06-10T01:14:30.000000Z"
      },
      {
        "id": 3,
        "origin": {
          "lat": -8.663303060278409,
          "lng": 115.21866919304391
        },
        "destination": {
          "lat": -8.634461108071065,
          "lng": 115.23204318842215
        },
        "total_point": 30,
        "penalties": [
          {
            "id": 1,
            "coordinate": {
              "lat": -8.648404844413143,
              "lng": 115.22991806366139
            },
            "type": "lateral_accel",
            "note": null,
            "date_time": "2024-06-10T01:14:20.000000Z"
          }
        ],
        "created_at": "2024-06-10T01:14:30.000000Z"
      },
      {
        "id": 4,
        "origin": {
          "lat": -8.681547132266411,
          "lng": 115.24069589508952
        },
        "destination": {
          "lat": -8.727531049331242,
          "lng": 115.16923553130304
        },
        "total_point": 40,
        "penalties": [
          {
            "id": 1,
            "coordinate": {
              "lat": -8.698108475732756,
              "lng": 115.24217508151388
            },
            "type": "brake",
            "note": "traffic accident",
            "date_time": "2024-07-15T01:10:30.000000Z"
          },
          {
            "id": 2,
            "coordinate": {
              "lat": -8.677138607855436,
              "lng": 115.2396055095573
            },
            "type": "over_speed",
            "note": null,
            "date_time": "2024-07-15T01:10:44.000000Z"
          }
        ],
        "created_at": "2024-07-15T01:11:00.000000Z"
      }
    ]
  }